"","Codes","names","Coeff. (slope)","Standard Error(slope)","Intercept","R2","Variance","Importance (% of R2)","Ranking_R2"
"1","EA_Illegal","EA spend on Illegal waste sites",0.000227100323327767,0.000121591483350831,"-","-","-",43.9517930031943,1
"2","Incin","gate-fee for incineration",8.91853000078748,6.84418411095275,"-","-","-",9.75029994037943,4
"3","Tax","Landfill tax",12.7585756396616,11.603518345137,"-","-","-",14.898525735509,2
"4","LA_W","LA_COLLECTWASTE_T",0.000101812061469193,0.000323408371848871,"-","-","-",2.41216482816671,7
"5","DRY","DRYRECYCLE_P",-37.9765547126297,48.8863777852081,"-","-","-",9.69241283774142,5
"6","CPI","CPI_NOTNATIONAL_INDICIES_BASE2005",-2.02333767580872,18.720044365892,"-","-","-",7.293308186012,6
"7","GDP_MARKET","GDP_CURRENT_MARKETPRICE",-22.0240616031085,16.2693656312012,"-","-","-",12.0014954689971,3
"8",NA,NA,NA,NA,"2097.70099097536","0.51123","58.2590665828942",NA,NA
